id,value
flare,
flare.analytics,
flare.analytics.cluster,
flare.analytics.cluster.AgglomerativeCluster,3938
flare.analytics.cluster.CommunityStructure,3812
flare.analytics.cluster.HierarchicalCluster,6714
flare.analytics.cluster.MergeEdge,743
flare.analytics.cluster.AgglomerativeCluster,3938
flare.analytics.cluster.CommunityStructure,3812
flare.analytics.cluster.HierarchicalCluster,6714
flare.analytics.cluster.MergeEdge,743
flare.analytics.cluster.AgglomerativeCluster,3938
flare.analytics.cluster.CommunityStructure,3812
flare.analytics.cluster.HierarchicalCluster,6714
flare.analytics.cluster.MergeEdge,743
flare.analytics.cluster.AgglomerativeCluster,3938
flare.analytics.cluster.CommunityStructure,3812
flare.analytics.cluster.HierarchicalCluster,6714
flare.analytics.cluster.MergeEdge,743
flare.analytics.cluster.AgglomerativeCluster,3938
flare.analytics.cluster.CommunityStructure,3812
flare.analytics.cluster.HierarchicalCluster,6714
flare.analytics.cluster.MergeEdge,743
flare.analytics.cluster.AgglomerativeCluster,3938
flare.analytics.cluster.CommunityStructure,3812
flare.analytics.cluster.HierarchicalCluster,6714
flare.analytics.cluster.MergeEdge,743
flare.analytics.cluster.AgglomerativeCluster,3938
flare.analytics.cluster.CommunityStructure,3812
flare.analytics.cluster.HierarchicalCluster,6714
flare.analytics.cluster.MergeEdge,743
flare.analytics.cluster.AgglomerativeCluster,3938
flare.analytics.cluster.CommunityStructure,3812
flare.analytics.cluster.HierarchicalCluster,6714
flare.analytics.cluster.MergeEdge,743
flare.analytics.cluster.AgglomerativeCluster,3938
flare.analytics.cluster.CommunityStructure,3812
flare.analytics.cluster.HierarchicalCluster,6714
flare.analytics.cluster.MergeEdge,743
flare.analytics.cluster.AgglomerativeCluster,3938
flare.analytics.cluster.CommunityStructure,3812
flare.analytics.cluster.HierarchicalCluster,6714
flare.analytics.cluster.MergeEdge,743
flare.analytics.cluster.AgglomerativeCluster,3938
flare.analytics.cluster.CommunityStructure,3812
flare.analytics.cluster.HierarchicalCluster,6714
flare.analytics.cluster.MergeEdge,743
flare.analytics.cluster.AgglomerativeCluster,3938
flare.analytics.cluster.CommunityStructure,3812
flare.analytics.cluster.HierarchicalCluster,6714
flare.analytics.cluster.MergeEdge,743
flare.analytics.cluster.AgglomerativeCluster,3938
flare.analytics.cluster.CommunityStructure,3812
flare.analytics.cluster.HierarchicalCluster,6714
flare.analytics.cluster.MergeEdge,743
flare.analytics.cluster.AgglomerativeCluster,3938
flare.analytics.cluster.CommunityStructure,3812
flare.analytics.cluster.HierarchicalCluster,6714
flare.analytics.cluster.MergeEdge,743
flare.analytics.cluster.AgglomerativeCluster,3938
flare.analytics.cluster.CommunityStructure,3812
flare.analytics.cluster.HierarchicalCluster,6714
flare.analytics.cluster.MergeEdge,743
flare.animate,
flare.animate.interpolate,
flare.animate.interpolate.ArrayInterpolator,1983
flare.animate.interpolate.ColorInterpolator,2047
flare.animate.interpolate.DateInterpolator,1375
flare.animate.interpolate.Interpolator,8746
flare.animate.interpolate.MatrixInterpolator,2202
flare.animate.interpolate.NumberInterpolator,1382
flare.animate.interpolate.ObjectInterpolator,1629
flare.animate.interpolate.PointInterpolator,1675
flare.animate.interpolate.RectangleInterpolator,2042